day,cnt
Saturday,4550.542857142857
Friday,4690.288461538462
Thursday,4667.259615384615
Wednesday,4548.538461538462
Tuesday,4510.663461538462
Monday,4338.1238095238095
Sunday,4228.828571428571
